EQUIP_NO,DESCRIPTION,EQUIP_CLASS,MANUFACTURER,INSTALL_DATE,CRITICALITY,CONDITION_RATING,LAST_INSPECTION,STATUS,OWNER_EMPLOYEE_ID
GEN-001,HILLSBOROUGH BAY ENERGY CENTER,Generation,GE Vernova,1985-02-24,A,4,2022-03-03,IN SERVICE,E1010
GEN-002,MANATEE ENERGY CENTER,Generation,GE Vernova,2002-09-25,A,3,2022-05-05,IN SERVICE,E1010
GEN-003,CHARLOTTE HARBOR COMBINED CYCLE,Generation,GE Vernova,2009-11-16,A,1,2022-02-02,IN SERVICE,E1010
SUB-001,TAMPA BULK,Substation,GE Grid,1978-03-09,C,4,2022-08-31,IN SERVICE,E1004
SUB-002,DOWNTOWN TAMPA,Substation,GE Grid,1972-07-07,A,3,2022-05-16,IN SERVICE,E1004
SUB-003,WESTSHORE,Substation,GE Grid,1988-12-23,A,3,2022-08-26,IN SERVICE,E1004
SUB-004,BRANDON,Substation,GE Grid,1995-05-13,A,3,2022-02-21,IN SERVICE,E1004
SUB-005,APOLLO BEACH,Substation,GE Grid,2004-06-15,B,2,2022-06-21,IN SERVICE,E1004
SUB-006,PINELLAS BULK,Substation,GE Grid,1981-08-04,A,4,2022-08-19,IN SERVICE,E1004
SUB-007,ST. PETERSBURG DOWNTOWN,Substation,ABB,1969-02-11,A,4,2022-03-05,IN SERVICE,E1004
SUB-008,CLEARWATER,Substation,GE Grid,1990-09-08,B,3,2022-01-06,IN SERVICE,E1004
SUB-009,MANATEE BULK,Substation,ABB,1983-01-03,C,4,2022-05-31,IN SERVICE,E1006
SUB-010,BRADENTON,Substation,GE Grid,1986-01-08,A,3,2022-07-01,IN SERVICE,E1006
SUB-011,SARASOTA,Substation,ABB,1979-06-03,A,5,2022-01-18,IN SERVICE,E1006
SUB-012,VENICE,Substation,ABB,1993-05-22,A,4,2022-05-12,IN SERVICE,E1006
SUB-013,PORT CHARLOTTE,Substation,ABB,1987-09-05,A,3,2022-05-05,IN SERVICE,E1007
SUB-014,FORT MYERS SOUTH,Substation,GE Grid,1974-10-16,A,4,2022-07-05,IN SERVICE,E1007
SUB-015,CAPE CORAL,Substation,Siemens,1998-07-07,A,3,2022-03-04,IN SERVICE,E1007
SUB-016,LEE BULK,Substation,ABB,1984-11-14,A,4,2022-01-25,IN SERVICE,E1007
SUB-017,FORT MYERS BEACH,Substation,Siemens,1982-07-15,A,4,2022-04-01,IN SERVICE,E1007
WTP-001,TAMPA BAY REGIONAL WTP,Water Treatment,Veolia,1980-11-21,A,4,2022-08-10,IN SERVICE,E1011
WTP-002,FORT MYERS WTP,Water Treatment,Veolia,1976-01-13,A,4,2022-06-15,IN SERVICE,E1013
WTP-003,PINELLAS WTP,Water Treatment,Evoqua,1985-02-08,A,4,2022-07-06,IN SERVICE,E1011
WTP-004,MANATEE WTP,Water Treatment,Veolia,1992-09-15,A,4,2022-02-19,IN SERVICE,E1012
WTP-005,CAPE CORAL WTP,Water Treatment,Evoqua,2001-03-09,A,2,2022-02-05,IN SERVICE,E1013
WTP-006,PEACE RIVER WTP,Water Treatment,Veolia,1995-02-15,A,3,2022-04-29,IN SERVICE,E1013
WWTP-001,TAMPA BAY AWT,Wastewater Treatment,Jacobs,1978-02-02,A,4,2022-07-26,IN SERVICE,E1015
WWTP-002,ST. PETERSBURG SOUTHWEST WRF,Wastewater Treatment,Jacobs,1983-01-03,A,3,2022-06-16,IN SERVICE,E1015
WWTP-003,FORT MYERS SOUTH WRF,Wastewater Treatment,Veolia,1980-03-14,A,3,2022-08-26,IN SERVICE,E1015
WWTP-004,SARASOTA WRF,Wastewater Treatment,Evoqua,1988-04-28,A,4,2022-05-05,IN SERVICE,E1015
WWTP-005,PUNTA GORDA WRF,Wastewater Treatment,Veolia,1991-03-13,B,3,2022-04-13,IN SERVICE,E1015
PS-001,TAMPA NORTH BOOSTER,Pumping Station,Grundfos,1990-05-26,A,3,2022-01-01,IN SERVICE,E1011
PS-002,DAVIS ISLANDS LIFT,Pumping Station,Grundfos,1975-05-14,C,4,2022-07-20,IN SERVICE,E1015
PS-003,WESTSHORE LIFT,Pumping Station,KSB,1989-09-22,C,3,2022-06-28,IN SERVICE,E1015
PS-004,BRANDON BOOSTER,Pumping Station,Grundfos,1999-03-07,A,3,2022-07-03,IN SERVICE,E1011
PS-005,APOLLO BEACH LIFT,Pumping Station,Xylem Flygt,2006-01-19,C,2,2022-03-17,IN SERVICE,E1015
PS-006,ST. PETERSBURG BOOSTER,Pumping Station,KSB,1984-01-24,A,4,2022-07-08,IN SERVICE,E1011
PS-007,FORT MYERS SOUTH BOOSTER,Pumping Station,Xylem Flygt,1979-01-19,A,4,2022-03-22,IN SERVICE,E1013
PS-008,CLEARWATER LIFT,Pumping Station,KSB,1992-09-06,C,3,2022-05-03,IN SERVICE,E1015
PS-009,BRADENTON BOOSTER,Pumping Station,KSB,1994-02-28,A,3,2022-01-15,IN SERVICE,E1012
PS-010,SARASOTA LIFT,Pumping Station,Xylem Flygt,1981-10-03,C,4,2022-02-17,IN SERVICE,E1015
PS-011,VENICE BOOSTER,Pumping Station,Xylem Flygt,1997-07-04,A,2,2022-06-22,IN SERVICE,E1012
PS-012,PORT CHARLOTTE BOOSTER,Pumping Station,KSB,1993-04-19,A,4,2022-08-30,IN SERVICE,E1013
PS-013,PUNTA GORDA LIFT,Pumping Station,Xylem Flygt,1986-10-03,C,4,2022-06-02,IN SERVICE,E1015
PS-014,CAPE CORAL BOOSTER,Pumping Station,KSB,2003-10-19,A,2,2022-04-18,IN SERVICE,E1013
PS-015,CAPE CORAL SOUTH LIFT,Pumping Station,Grundfos,2000-05-07,C,3,2022-05-14,IN SERVICE,E1015
PS-016,FORT MYERS BEACH LIFT,Pumping Station,KSB,1985-06-08,C,4,2022-06-21,IN SERVICE,E1015
PS-017,FORT MYERS DOWNTOWN LIFT,Pumping Station,Grundfos,1977-03-22,C,4,2022-03-09,IN SERVICE,E1015
PS-018,LEHIGH ACRES BOOSTER,Pumping Station,Grundfos,2021-08-11,A,1,2022-06-15,IN SERVICE,E1013
TL-001,BAY ENERGY – TAMPA BULK 230 KV,Transmission Line,Southwire,1985-01-15,A,3,2022-08-26,IN SERVICE,E1009
TL-002,BAY ENERGY – PINELLAS BULK 230 KV,Transmission Line,Southwire,1986-02-18,A,4,2022-06-09,IN SERVICE,E1009
TL-003,TAMPA BULK – MANATEE BULK 230 KV,Transmission Line,Prysmian,1983-03-12,A,4,2022-02-24,IN SERVICE,E1009
TL-004,MANATEE ENERGY – MANATEE BULK 230 KV,Transmission Line,Southwire,2002-04-12,A,3,2022-08-14,IN SERVICE,E1009
TL-005,MANATEE BULK – PORT CHARLOTTE 230 KV,Transmission Line,Southwire,1987-08-27,A,3,2022-03-14,IN SERVICE,E1009
TL-006,PORT CHARLOTTE – LEE BULK 230 KV,Transmission Line,Prysmian,1988-10-26,A,3,2022-05-20,IN SERVICE,E1009
TL-007,CHARLOTTE HARBOR CC – LEE BULK 230 KV,Transmission Line,Southwire,2009-11-27,A,2,2022-06-17,IN SERVICE,E1009
TL-008,LEE BULK – FORT MYERS SOUTH 69 KV,Transmission Line,Prysmian,1976-11-04,A,4,2022-05-22,IN SERVICE,E1009
TL-009,LEE BULK – CAPE CORAL 69 KV,Transmission Line,Southwire,1998-05-04,A,2,2022-08-29,IN SERVICE,E1009
