WO_NO,EQUIP_NO,WO_TYPE,PRIORITY,DESCRIPTION,REPORTED,COMPLETED,STATUS,LABOR_HRS,COST_USD,FAILURE_CODE,STORM_EVENT
WO-18714,PS-002,PM,3,Pump vibration analysis,2019-08-15,2019-08-17,CLOSED,28.8,8149,,
WO-18693,PS-001,PM,3,Generator load bank test,2019-12-31,2020-01-05,CLOSED,33.8,5291,,
WO-19372,PS-005,STORM,1,"Tropical Storm Eta 2020: Lost utility power, pump down; generator dispatched",2020-11-12,2020-11-16,CLOSED,81.3,200498,POWER,Tropical Storm Eta 2020
WO-18175,SUB-006,PM,3,Breaker timing test,2020-10-04,2020-10-09,CLOSED,10.5,5485,,
WO-18371,SUB-015,INSP,3,Battery bank test,2021-01-23,2021-01-28,CLOSED,18.5,2906,,
WO-18483,WTP-003,PM,3,Standby generator load test,2018-02-25,2018-02-27,CLOSED,20.2,8090,,
WO-18266,SUB-010,PM,3,Battery bank test,2020-12-11,2020-12-14,CLOSED,20.6,4013,,
WO-18525,WTP-004,PM,3,Standby generator load test,2018-02-11,2018-02-12,CLOSED,27.1,4735,,
WO-18490,WTP-003,PM,3,Filter media inspection,2020-10-27,2020-10-29,CLOSED,6.3,8227,,
WO-18980,PS-015,PM,3,Wet well cleaning,2017-01-12,2017-01-13,CLOSED,32.3,4506,,
WO-19169,TL-006,PM,3,Insulator wash,2019-11-13,2019-11-13,CLOSED,20.9,526,,
WO-18441,WTP-001,PM,3,Chlorine system service,2022-02-02,2022-02-04,CLOSED,6.6,4177,,
WO-18413,SUB-017,PM,3,Battery bank test,2017-12-17,2017-12-20,CLOSED,28.2,4337,,
WO-18777,PS-005,INSP,3,Check valve service,2019-09-28,2019-10-02,CLOSED,8.5,3350,,
WO-18504,WTP-004,PM,3,Filter media inspection,2020-05-29,2020-05-29,CLOSED,25.0,7218,,
WO-18308,SUB-012,PM,3,Transformer oil sampling,2017-12-02,2017-12-07,CLOSED,40.0,1253,,
WO-18952,PS-013,PM,3,Check valve service,2021-01-09,2021-01-11,CLOSED,38.8,3509,,
WO-18063,SUB-001,PM,3,Breaker timing test,2019-08-28,2019-08-31,CLOSED,8.8,806,,
WO-18931,PS-013,PM,3,Pump vibration analysis,2018-09-25,2018-09-28,CLOSED,37.7,7086,,
WO-18343,SUB-014,PM,3,Battery bank test,2017-04-16,2017-04-19,CLOSED,4.9,3649,,
WO-19043,PS-017,PM,3,Pump vibration analysis,2021-10-29,2021-11-03,CLOSED,18.3,3922,,
WO-19344,TL-006,STORM,1,"Hurricane Irma 2017: Downed conductor, tree contact",2017-09-13,2017-09-14,CLOSED,147.3,132894,VEG,Hurricane Irma 2017
WO-19218,TL-008,INSP,3,Insulator wash,2020-06-24,2020-06-25,CLOSED,31.6,5856,,
WO-19267,PS-007,CM,1,"Standby generator failed load test; unit removed, portable hookup only",2022-06-01,2022-06-01,CLOSED,31.4,0,GEN,
WO-18637,WWTP-003,INSP,3,Blower overhaul,2019-02-08,2019-02-12,CLOSED,25.8,8567,,
WO-18602,WWTP-002,PM,3,Clarifier drive service,2021-12-17,2021-12-21,CLOSED,26.1,7541,,
WO-19288,PS-002,CM,2,"Pump 2 impeller wear, running on single pump",2022-08-22,2022-09-21,CLOSED,30.9,0,MECH,
WO-18399,SUB-016,PM,3,Battery bank test,2020-08-24,2020-08-25,CLOSED,32.3,6213,,
WO-18987,PS-015,INSP,3,Pump vibration analysis,2018-03-27,2018-03-28,CLOSED,15.6,643,,
WO-18119,SUB-003,PM,3,Transformer oil sampling,2019-02-18,2019-02-23,CLOSED,2.1,7544,,
WO-18924,PS-012,PM,3,Check valve service,2018-07-10,2018-07-12,CLOSED,24.3,7266,,
WO-19050,PS-018,PM,3,Check valve service,2021-08-22,2021-08-25,CLOSED,29.7,7215,,
WO-19295,SUB-014,STORM,1,Hurricane Irma 2017: Flooded control cabinet / relay failure,2017-09-12,2017-09-18,CLOSED,64.3,179421,FLOOD,Hurricane Irma 2017
WO-19120,TL-004,INSP,3,Vegetation clearance,2018-01-11,2018-01-14,CLOSED,19.2,7278,,
WO-18042,GEN-003,INSP,3,Fuel system inspection,2021-02-21,2021-02-22,CLOSED,6.8,7441,,
WO-18735,PS-003,PM,3,Wet well cleaning,2018-08-14,2018-08-14,CLOSED,31.7,8092,,
WO-18553,WTP-006,PM,3,Filter media inspection,2019-03-22,2019-03-26,CLOSED,26.6,4083,,
WO-19078,TL-002,INSP,3,Pole inspection,2020-12-19,2020-12-24,CLOSED,38.8,1242,,
WO-18322,SUB-013,PM,3,Transformer oil sampling,2019-10-10,2019-10-14,CLOSED,11.1,2896,,
WO-18161,SUB-005,INSP,3,Breaker timing test,2021-12-17,2021-12-21,CLOSED,32.2,8152,,
WO-18546,WTP-006,INSP,3,Chlorine system service,2020-03-04,2020-03-04,CLOSED,37.1,4224,,
WO-18539,WTP-005,INSP,3,Standby generator load test,2022-01-20,2022-01-23,CLOSED,3.2,5171,,
WO-19141,TL-005,PM,3,Pole inspection,2020-01-20,2020-01-23,CLOSED,17.7,7642,,
WO-19337,SUB-012,STORM,1,Hurricane Irma 2017: Flooded control cabinet / relay failure,2017-09-12,2017-09-20,CLOSED,97.6,167129,FLOOD,Hurricane Irma 2017
WO-19134,TL-005,PM,3,Vegetation clearance,2017-12-14,2017-12-15,CLOSED,27.6,1215,,
WO-19211,TL-008,PM,3,Pole inspection,2019-09-24,2019-09-28,CLOSED,17.0,1688,,
WO-18819,PS-008,INSP,3,Generator load bank test,2021-01-10,2021-01-15,CLOSED,2.8,5237,,
WO-18518,WTP-004,PM,3,Standby generator load test,2021-10-23,2021-10-27,CLOSED,25.2,1386,,
WO-19358,SUB-004,STORM,1,Hurricane Irma 2017: Flooded control cabinet / relay failure,2017-09-13,2017-09-16,CLOSED,83.1,31219,FLOOD,Hurricane Irma 2017
WO-18014,GEN-001,INSP,3,Fuel system inspection,2019-04-14,2019-04-16,CLOSED,20.6,8680,,
WO-18770,PS-005,PM,3,Generator load bank test,2020-08-21,2020-08-23,CLOSED,18.4,6541,,
WO-19099,TL-003,PM,3,Aerial patrol,2019-07-16,2019-07-20,CLOSED,3.1,4781,,
WO-18224,SUB-008,PM,3,Infrared thermography survey,2022-04-29,2022-04-30,CLOSED,31.1,4943,,
WO-18700,PS-002,PM,3,Check valve service,2022-06-29,2022-07-03,CLOSED,15.1,8335,,
WO-18056,SUB-001,PM,3,Battery bank test,2018-02-26,2018-03-02,CLOSED,37.2,2932,,
WO-18882,PS-010,PM,3,Check valve service,2021-02-07,2021-02-07,CLOSED,22.4,4732,,
WO-18210,SUB-007,PM,3,Battery bank test,2019-10-18,2019-10-19,CLOSED,27.4,8012,,
WO-19092,TL-002,PM,3,Aerial patrol,2022-05-30,2022-06-01,CLOSED,6.4,6422,,
WO-18868,PS-009,PM,3,Check valve service,2018-11-05,2018-11-07,CLOSED,32.6,5949,,
WO-18623,WWTP-003,PM,3,Clarifier drive service,2017-05-31,2017-06-02,CLOSED,14.3,4535,,
WO-18189,SUB-006,PM,3,Battery bank test,2017-10-26,2017-10-31,CLOSED,29.3,3585,,
WO-18448,WTP-001,PM,3,Filter media inspection,2019-02-28,2019-03-05,CLOSED,9.3,3433,,
WO-18630,WWTP-003,INSP,3,Clarifier drive service,2021-07-14,2021-07-19,CLOSED,17.7,7969,,
WO-19015,PS-016,INSP,3,Generator load bank test,2017-06-27,2017-06-30,CLOSED,4.3,910,,
WO-18273,SUB-011,PM,3,Transformer oil sampling,2021-11-21,2021-11-24,CLOSED,27.4,5907,,
WO-18966,PS-014,PM,3,Wet well cleaning,2020-09-28,2020-10-02,CLOSED,4.6,3762,,
WO-18574,WWTP-001,INSP,3,Standby generator load test,2020-01-21,2020-01-24,CLOSED,5.1,7572,,
WO-18105,SUB-003,INSP,3,Infrared thermography survey,2019-01-02,2019-01-02,CLOSED,24.7,2176,,
WO-19225,TL-009,INSP,3,Vegetation clearance,2018-04-13,2018-04-15,CLOSED,29.6,6152,,
WO-18476,WTP-002,INSP,3,Chlorine system service,2017-08-12,2017-08-17,CLOSED,26.2,2468,,
WO-18854,PS-009,PM,3,Generator load bank test,2018-01-05,2018-01-10,CLOSED,8.7,7207,,
WO-19421,TL-005,STORM,1,"Hurricane Elsa 2021: Downed conductor, tree contact",2021-07-09,2021-07-12,CLOSED,63.4,106703,VEG,Hurricane Elsa 2021
WO-18196,SUB-007,PM,3,Breaker timing test,2022-07-18,2022-07-19,CLOSED,35.9,490,,
WO-19330,PS-007,STORM,1,"Hurricane Irma 2017: Lost utility power, pump down; generator dispatched",2017-09-11,2017-09-13,CLOSED,103.2,176220,POWER,Hurricane Irma 2017
WO-18021,GEN-002,INSP,3,Black-start test,2018-01-14,2018-01-16,CLOSED,2.1,1122,,
WO-19246,SUB-014,CM,3,Control house roof leak over relay panel,2021-11-02,2021-11-14,CLOSED,30.9,7400,STRUCT,
WO-18007,GEN-001,PM,3,Black-start test,2018-09-29,2018-10-03,CLOSED,29.3,3850,,
WO-18721,PS-002,PM,3,Wet well cleaning,2021-04-11,2021-04-14,CLOSED,6.8,1006,,
WO-18567,WWTP-001,PM,3,Clarifier drive service,2020-03-28,2020-03-31,CLOSED,28.6,5382,,
WO-19127,TL-004,PM,3,Insulator wash,2018-10-07,2018-10-12,CLOSED,31.5,5714,,
WO-19036,PS-017,INSP,3,Generator load bank test,2020-02-01,2020-02-04,CLOSED,19.2,5231,,
WO-19029,PS-017,PM,3,Generator load bank test,2017-10-29,2017-11-02,CLOSED,4.5,2830,,
WO-19414,SUB-011,STORM,1,Hurricane Elsa 2021: Flooded control cabinet / relay failure,2021-07-09,2021-07-12,CLOSED,31.4,102388,FLOOD,Hurricane Elsa 2021
WO-18126,SUB-004,PM,3,Battery bank test,2019-03-19,2019-03-19,CLOSED,25.7,5809,,
WO-18749,PS-003,PM,3,Check valve service,2021-04-06,2021-04-10,CLOSED,25.5,988,,
WO-19106,TL-003,INSP,3,Insulator wash,2020-01-25,2020-01-27,CLOSED,2.2,6151,,
WO-18588,WWTP-001,INSP,3,Standby generator load test,2019-07-27,2019-07-31,CLOSED,40.0,739,,
WO-18091,SUB-002,PM,3,Infrared thermography survey,2021-06-21,2021-06-21,CLOSED,15.3,4973,,
WO-18287,SUB-011,PM,3,Transformer oil sampling,2017-04-21,2017-04-21,CLOSED,7.2,7422,,
WO-19400,SUB-007,STORM,1,Hurricane Elsa 2021: Flooded control cabinet / relay failure,2021-07-08,2021-07-10,CLOSED,33.2,101426,FLOOD,Hurricane Elsa 2021
WO-18728,PS-003,PM,3,Check valve service,2020-09-21,2020-09-21,CLOSED,2.6,7886,,
WO-18672,WWTP-005,INSP,3,Standby generator load test,2020-04-10,2020-04-12,CLOSED,33.7,7207,,
WO-19001,PS-015,INSP,3,Check valve service,2018-06-04,2018-06-08,CLOSED,30.3,2262,,
WO-19148,TL-005,INSP,3,Aerial patrol,2019-06-02,2019-06-04,CLOSED,6.2,7443,,
WO-18217,SUB-008,PM,3,Battery bank test,2020-07-23,2020-07-27,CLOSED,36.1,7705,,
WO-18861,PS-009,INSP,3,Generator load bank test,2018-06-26,2018-06-30,CLOSED,36.7,8621,,
WO-18896,PS-011,INSP,3,Wet well cleaning,2018-03-20,2018-03-23,CLOSED,25.5,810,,
WO-18357,SUB-015,PM,3,Battery bank test,2017-06-18,2017-06-23,CLOSED,4.6,6471,,
WO-18889,PS-010,PM,3,Generator load bank test,2022-02-06,2022-02-10,CLOSED,33.3,6642,,
WO-18378,SUB-015,INSP,3,Battery bank test,2020-01-12,2020-01-15,CLOSED,33.4,7536,,
WO-18028,GEN-002,INSP,3,Black-start test,2018-06-20,2018-06-21,CLOSED,23.0,7639,,
WO-18315,SUB-013,INSP,3,Transformer oil sampling,2019-07-08,2019-07-13,CLOSED,30.7,1059,,
WO-18812,PS-007,PM,3,Check valve service,2020-05-22,2020-05-25,CLOSED,11.0,2147,,
WO-18203,SUB-007,PM,3,Breaker timing test,2018-03-13,2018-03-14,CLOSED,19.7,8886,,
WO-19057,PS-018,PM,3,Generator load bank test,2020-07-04,2020-07-09,CLOSED,16.2,4576,,
WO-18392,SUB-016,PM,3,Battery bank test,2019-09-26,2019-09-28,CLOSED,20.8,870,,
WO-18133,SUB-004,INSP,3,Infrared thermography survey,2018-05-26,2018-05-30,CLOSED,27.3,5467,,
WO-18462,WTP-002,PM,3,Chlorine system service,2018-02-16,2018-02-17,CLOSED,8.8,6312,,
WO-19197,TL-007,PM,3,Aerial patrol,2021-09-07,2021-09-10,CLOSED,38.7,741,,
WO-18245,SUB-009,PM,3,Breaker timing test,2018-07-21,2018-07-24,CLOSED,28.8,2903,,
WO-18147,SUB-004,INSP,3,Breaker timing test,2021-04-02,2021-04-06,CLOSED,17.4,5330,,
WO-18938,PS-013,PM,3,Generator load bank test,2020-02-20,2020-02-21,CLOSED,18.9,7664,,
WO-18077,SUB-001,PM,3,Transformer oil sampling,2018-03-19,2018-03-22,CLOSED,9.6,4044,,
WO-18259,SUB-010,PM,3,Transformer oil sampling,2021-09-17,2021-09-21,CLOSED,20.1,6632,,
WO-18112,SUB-003,INSP,3,Infrared thermography survey,2020-11-16,2020-11-19,CLOSED,6.4,8779,,
WO-18826,PS-008,PM,3,Pump vibration analysis,2021-06-10,2021-06-14,CLOSED,36.6,1203,,
WO-18469,WTP-002,INSP,3,Standby generator load test,2017-02-27,2017-02-28,CLOSED,3.7,4894,,
WO-19379,SUB-005,STORM,1,Tropical Storm Eta 2020: Flooded control cabinet / relay failure,2020-11-13,2020-11-22,CLOSED,105.4,152035,FLOOD,Tropical Storm Eta 2020
WO-18644,WWTP-004,PM,3,Standby generator load test,2019-04-14,2019-04-15,CLOSED,18.6,5119,,
WO-18098,SUB-002,INSP,3,Infrared thermography survey,2021-06-26,2021-06-26,CLOSED,35.3,2289,,
WO-18840,PS-008,INSP,3,Generator load bank test,2019-02-18,2019-02-23,CLOSED,25.9,2640,,
WO-18497,WTP-003,PM,3,Chlorine system service,2017-09-25,2017-09-25,CLOSED,7.8,1278,,
WO-18336,SUB-014,PM,3,Transformer oil sampling,2021-02-19,2021-02-20,CLOSED,6.1,5496,,
WO-18784,PS-006,INSP,3,Wet well cleaning,2021-04-16,2021-04-19,CLOSED,10.8,2744,,
WO-18994,PS-015,INSP,3,Generator load bank test,2019-09-02,2019-09-02,CLOSED,12.1,3254,,
WO-18581,WWTP-001,PM,3,Standby generator load test,2017-06-13,2017-06-15,CLOSED,3.0,4502,,
WO-18049,GEN-003,PM,3,Turbine borescope inspection,2020-06-16,2020-06-18,CLOSED,27.9,3841,,
WO-18455,WTP-002,PM,3,Standby generator load test,2022-06-07,2022-06-11,CLOSED,24.7,8995,,
WO-19407,PS-010,STORM,1,"Hurricane Elsa 2021: Lost utility power, pump down; generator dispatched",2021-07-09,2021-07-16,CLOSED,55.3,89487,POWER,Hurricane Elsa 2021
WO-18364,SUB-015,PM,3,Battery bank test,2020-10-29,2020-11-01,CLOSED,18.5,2129,,
WO-19085,TL-002,PM,3,Aerial patrol,2020-07-03,2020-07-07,CLOSED,10.1,8713,,
WO-18756,PS-004,PM,3,Pump vibration analysis,2020-03-23,2020-03-26,CLOSED,30.9,2012,,
WO-18903,PS-011,INSP,3,Wet well cleaning,2020-09-05,2020-09-10,CLOSED,26.1,1435,,
WO-18686,PS-001,PM,3,Generator load bank test,2018-07-14,2018-07-17,CLOSED,37.5,5968,,
WO-19022,PS-016,PM,3,Check valve service,2022-05-16,2022-05-21,CLOSED,20.6,2168,,
WO-18833,PS-008,PM,3,Wet well cleaning,2022-07-28,2022-08-01,CLOSED,10.3,6172,,
WO-19064,TL-001,PM,3,Aerial patrol,2022-04-27,2022-04-27,CLOSED,18.4,1927,,
WO-18665,WWTP-005,PM,3,Clarifier drive service,2018-04-10,2018-04-15,CLOSED,20.9,2922,,
WO-19281,SUB-017,CM,3,"Switchgear enclosure corrosion, below design flood elevation",2021-09-30,2021-10-05,CLOSED,30.7,11200,CORR,
WO-18847,PS-009,PM,3,Check valve service,2017-06-11,2017-06-11,CLOSED,29.8,6377,,
WO-19239,SUB-014,CM,2,"Transformer T2 bushing oil leak, temporary repair",2022-03-14,2022-03-17,CLOSED,24.9,18500,LEAK,
WO-18434,WTP-001,PM,3,Standby generator load test,2020-11-09,2020-11-13,CLOSED,15.4,5819,,
WO-18959,PS-014,INSP,3,Wet well cleaning,2018-01-11,2018-01-16,CLOSED,3.9,749,,
WO-18420,SUB-017,PM,3,Transformer oil sampling,2022-07-04,2022-07-04,CLOSED,10.4,5220,,
WO-18805,PS-007,INSP,3,Check valve service,2020-05-10,2020-05-15,CLOSED,19.4,4497,,
WO-18511,WTP-004,INSP,3,Chlorine system service,2019-07-14,2019-07-17,CLOSED,13.3,7653,,
WO-18798,PS-007,INSP,3,Wet well cleaning,2020-03-24,2020-03-24,CLOSED,37.9,7637,,
WO-18427,WTP-001,PM,3,Standby generator load test,2019-09-24,2019-09-28,CLOSED,20.0,6446,,
WO-18658,WWTP-005,INSP,3,Blower overhaul,2017-02-26,2017-02-26,CLOSED,39.7,4081,,
WO-18742,PS-003,PM,3,Check valve service,2019-12-22,2019-12-27,CLOSED,34.4,1715,,
WO-18084,SUB-002,PM,3,Breaker timing test,2020-12-03,2020-12-04,CLOSED,27.1,787,,
WO-18791,PS-006,PM,3,Generator load bank test,2019-11-07,2019-11-12,CLOSED,36.2,553,,
WO-18301,SUB-012,PM,3,Battery bank test,2020-08-31,2020-09-02,CLOSED,11.6,7306,,
WO-19309,SUB-017,STORM,1,Hurricane Irma 2017: Flooded control cabinet / relay failure,2017-09-12,2017-09-17,CLOSED,27.9,170037,FLOOD,Hurricane Irma 2017
WO-18294,SUB-012,PM,3,Infrared thermography survey,2019-01-15,2019-01-18,CLOSED,10.0,5763,,
WO-19183,TL-006,PM,3,Pole inspection,2020-12-21,2020-12-26,CLOSED,18.6,1093,,
WO-19351,PS-013,STORM,1,"Hurricane Irma 2017: Lost utility power, pump down; generator dispatched",2017-09-13,2017-09-17,CLOSED,104.7,99286,POWER,Hurricane Irma 2017
WO-19386,PS-008,STORM,1,"Tropical Storm Eta 2020: Lost utility power, pump down; generator dispatched",2020-11-13,2020-11-19,CLOSED,74.2,89158,POWER,Tropical Storm Eta 2020
WO-19393,SUB-003,STORM,1,Tropical Storm Eta 2020: Flooded control cabinet / relay failure,2020-11-13,2020-11-14,CLOSED,108.3,221891,FLOOD,Tropical Storm Eta 2020
WO-19113,TL-003,INSP,3,Pole inspection,2018-08-10,2018-08-10,CLOSED,30.2,2724,,
WO-18609,WWTP-002,PM,3,Blower overhaul,2022-07-08,2022-07-10,CLOSED,14.7,7090,,
WO-18070,SUB-001,PM,3,Breaker timing test,2020-09-22,2020-09-24,CLOSED,31.9,3008,,
WO-19302,TL-008,STORM,1,"Hurricane Irma 2017: Downed conductor, tree contact",2017-09-12,2017-09-14,CLOSED,81.9,137924,VEG,Hurricane Irma 2017
WO-18973,PS-014,INSP,3,Wet well cleaning,2019-04-29,2019-04-30,CLOSED,31.4,5783,,
WO-18910,PS-011,INSP,3,Generator load bank test,2022-03-17,2022-03-22,CLOSED,6.4,7089,,
WO-18182,SUB-006,PM,3,Transformer oil sampling,2019-03-27,2019-03-27,CLOSED,39.4,4411,,
WO-18532,WTP-005,PM,3,Standby generator load test,2019-09-10,2019-09-10,CLOSED,2.1,2964,,
WO-18140,SUB-004,PM,3,Infrared thermography survey,2020-08-29,2020-09-02,CLOSED,9.3,2485,,
WO-18280,SUB-011,INSP,3,Breaker timing test,2021-07-15,2021-07-18,CLOSED,39.3,2491,,
WO-18252,SUB-009,PM,3,Battery bank test,2017-09-21,2017-09-23,CLOSED,17.8,8033,,
WO-18406,SUB-016,PM,3,Infrared thermography survey,2020-10-26,2020-10-30,CLOSED,21.6,566,,
WO-18350,SUB-014,PM,3,Infrared thermography survey,2019-09-22,2019-09-27,CLOSED,32.3,2383,,
WO-18875,PS-010,PM,3,Wet well cleaning,2017-11-05,2017-11-10,CLOSED,38.8,6911,,
WO-18616,WWTP-002,PM,3,Blower overhaul,2018-03-05,2018-03-08,CLOSED,13.0,8517,,
WO-18385,SUB-016,PM,3,Breaker timing test,2020-01-05,2020-01-05,CLOSED,35.5,4969,,
WO-18329,SUB-013,INSP,3,Transformer oil sampling,2022-04-24,2022-04-28,CLOSED,19.7,3971,,
WO-19365,PS-002,STORM,1,"Tropical Storm Eta 2020: Lost utility power, pump down; generator dispatched",2020-11-13,2020-11-15,CLOSED,110.5,147264,POWER,Tropical Storm Eta 2020
WO-19316,PS-016,STORM,1,"Hurricane Irma 2017: Lost utility power, pump down; generator dispatched",2017-09-13,2017-09-15,CLOSED,84.6,96371,POWER,Hurricane Irma 2017
WO-18035,GEN-003,PM,3,Turbine borescope inspection,2017-02-09,2017-02-14,CLOSED,22.7,2842,,
WO-18651,WWTP-004,PM,3,Clarifier drive service,2022-06-09,2022-06-14,CLOSED,29.0,4320,,
WO-18917,PS-012,PM,3,Check valve service,2017-06-02,2017-06-02,CLOSED,10.9,1992,,
WO-18763,PS-004,PM,3,Wet well cleaning,2018-02-16,2018-02-21,CLOSED,36.3,5306,,
WO-19323,SUB-015,STORM,1,Hurricane Irma 2017: Flooded control cabinet / relay failure,2017-09-11,2017-09-12,CLOSED,136.4,111662,FLOOD,Hurricane Irma 2017
WO-19162,TL-006,PM,3,Vegetation clearance,2017-08-13,2017-08-15,CLOSED,31.2,3860,,
WO-18168,SUB-006,INSP,3,Transformer oil sampling,2018-11-27,2018-11-29,CLOSED,27.2,8845,,
WO-18945,PS-013,PM,3,Pump vibration analysis,2019-08-26,2019-08-31,CLOSED,22.7,6418,,
WO-19232,TL-009,PM,3,Aerial patrol,2018-08-28,2018-08-29,CLOSED,9.5,4593,,
WO-19260,TL-008,INSP,3,"Vegetation encroachment within 3 ft of conductor, spans 14–19",2022-07-08,2022-07-09,CLOSED,8.7,900,VEG,
WO-19204,TL-007,INSP,3,Pole inspection,2018-12-05,2018-12-10,CLOSED,5.3,6328,,
WO-18231,SUB-008,INSP,3,Breaker timing test,2022-06-08,2022-06-10,CLOSED,4.9,7606,,
WO-18595,WWTP-002,INSP,3,Clarifier drive service,2020-01-09,2020-01-10,CLOSED,21.7,8108,,
WO-19155,TL-005,INSP,3,Insulator wash,2022-06-17,2022-06-17,CLOSED,17.0,4012,,
WO-18679,PS-001,PM,3,Wet well cleaning,2019-09-26,2019-09-29,CLOSED,37.0,3522,,
WO-19008,PS-016,PM,3,Pump vibration analysis,2022-01-11,2022-01-14,CLOSED,10.4,8654,,
WO-18560,WTP-006,PM,3,Filter media inspection,2019-12-25,2019-12-25,CLOSED,32.1,3118,,
WO-18154,SUB-005,PM,3,Breaker timing test,2020-05-29,2020-06-01,CLOSED,19.7,5679,,
WO-19274,PS-016,CM,3,Wet well level sensor corroded (salt air),2022-04-11,2022-04-13,CLOSED,20.8,2600,CORR,
WO-19071,TL-001,PM,3,Aerial patrol,2021-03-07,2021-03-11,CLOSED,27.5,5800,,
WO-18238,SUB-008,PM,3,Infrared thermography survey,2020-03-16,2020-03-18,CLOSED,35.9,5638,,
WO-18707,PS-002,PM,3,Generator load bank test,2021-03-26,2021-03-27,CLOSED,23.7,4312,,
WO-19190,TL-007,PM,3,Pole inspection,2017-11-15,2017-11-19,CLOSED,29.0,7026,,
WO-19253,TL-008,CM,2,"Cracked crossarms on 6 structures, replacement deferred to FY23",2022-05-20,2022-05-20,CLOSED,26.9,0,STRUCT,
WO-19176,TL-006,PM,3,Vegetation clearance,2021-10-30,2021-11-02,CLOSED,21.0,4170,,
