link_id,upstream_id,downstream_id,dependency_type
L001,GEN-001,TL-001,power
L002,TL-001,SUB-001,power
L003,GEN-001,TL-002,power
L004,TL-002,SUB-006,power
L005,SUB-001,TL-003,power
L006,TL-003,SUB-009,power
L007,GEN-002,TL-004,power
L008,TL-004,SUB-009,power
L009,SUB-009,TL-005,power
L010,TL-005,SUB-013,power
L011,SUB-013,TL-006,power
L012,TL-006,SUB-016,power
L013,GEN-003,TL-007,power
L014,TL-007,SUB-016,power
L015,SUB-016,TL-008,power
L016,TL-008,SUB-014,power
L017,SUB-016,TL-009,power
L018,TL-009,SUB-015,power
L019,SUB-001,SUB-002,power
L020,SUB-001,SUB-003,power
L021,SUB-001,SUB-004,power
L022,SUB-001,SUB-005,power
L023,SUB-006,SUB-007,power
L024,SUB-006,SUB-008,power
L025,SUB-009,SUB-010,power
L026,SUB-009,SUB-011,power
L027,SUB-009,SUB-012,power
L028,SUB-016,SUB-017,power
L029,SUB-001,WTP-001,power
L030,SUB-014,WTP-002,power
L031,SUB-006,WTP-003,power
L032,SUB-009,WTP-004,power
L033,SUB-015,WTP-005,power
L034,SUB-013,WTP-006,power
L035,SUB-002,WWTP-001,power
L036,SUB-007,WWTP-002,power
L037,SUB-014,WWTP-003,power
L038,SUB-011,WWTP-004,power
L039,SUB-013,WWTP-005,power
L040,SUB-001,PS-001,power
L041,SUB-002,PS-002,power
L042,SUB-003,PS-003,power
L043,SUB-004,PS-004,power
L044,SUB-005,PS-005,power
L045,SUB-007,PS-006,power
L046,SUB-014,PS-007,power
L047,SUB-008,PS-008,power
L048,SUB-010,PS-009,power
L049,SUB-011,PS-010,power
L050,SUB-012,PS-011,power
L051,SUB-013,PS-012,power
L052,SUB-013,PS-013,power
L053,SUB-015,PS-014,power
L054,SUB-015,PS-015,power
L055,SUB-017,PS-016,power
L056,SUB-014,PS-017,power
L057,SUB-016,PS-018,power
L058,WTP-001,PS-001,water
L059,WTP-001,PS-004,water
L060,WTP-003,PS-006,water
L061,WTP-002,PS-007,water
L062,WTP-004,PS-009,water
L063,WTP-004,PS-011,water
L064,WTP-006,PS-012,water
L065,WTP-005,PS-014,water
L066,WTP-002,PS-018,water
L067,WWTP-001,PS-002,wastewater
L068,WWTP-001,PS-003,wastewater
L069,WWTP-001,PS-005,wastewater
L070,WWTP-002,PS-008,wastewater
L071,WWTP-004,PS-010,wastewater
L072,WWTP-005,PS-013,wastewater
L073,WWTP-003,PS-015,wastewater
L074,WWTP-003,PS-016,wastewater
L075,WWTP-003,PS-017,wastewater
